,Fundos,Setor,Liquidez Diária (R$),P/VP,Dividend Yield,Variação Preço,Patrimônio Líquido,Num. Cotistas
0,AAGR11,Indefinido,5848.9,0.0,0.0103,-0.015,0.0,0
1,AAZQ11,Indefinido,654462.24,70.0,0.013500000000000002,0.0431,208745497.59,29829
2,ABCP11,Shoppings,60839.95,70.0,0.009000000000000001,0.0218,503496718.25,15558
3,AFHI11,Papéis,1111830.95,94.0,0.0,0.0,432224228.96,42539
4,AGRX11,Outros,383579.9,0.0,0.008100000000000001,-0.2022,0.0,0
5,AIEC11,Lajes Corporativas,524795.67,51.0,0.0138,-0.018799999999999997,409856001.38,18874
6,AJFI11,Shoppings,544918.14,58.0,0.0096,-0.018799999999999997,387514867.4,13191
7,ALMI11,Lajes Corporativas,15423.33,27.0,0.012199999999999999,0.0184,241507669.88,2092
8,ALZC11,Papéis,474377.9,147.0,0.0131,-0.011000000000000001,118155565.38,8102
9,ALZM11,Fundo de Fundos,174099.86,76.0,0.0118,-0.011000000000000001,120540353.6,12138
10,ALZR11,Misto,2206700.24,93.0,0.0078000000000000005,-0.0337,1288080789.12,154533
11,APTO11,Imóveis Residenciais,23533.62,84.0,0.01,-0.0033,45402736.75,9078
12,APXM11,Shoppings,33842.43,97.0,0.0036,0.0096,241689923.79,535
13,ARCT11,Imóveis Industriais e Logísticos,1053903.45,87.0,0.0,0.0,371534654.03,43228
14,AROA11,Imóveis Industriais e Logísticos,3990.71,104.0,0.0059,-0.0625,165793201.12,3865
15,ARRI11,Papéis,456566.0,90.0,0.0105,0.0287,172628441.35,25875
16,ARXD11,Papéis,91650.05,8.0,0.012,-0.9028,86427918.96,1310
17,ASMT11,Lajes Corporativas,7358.24,43.0,0.0111,-0.055,98964564.68,446
18,ASRF11,Indefinido,52105.0,114.0,0.0,0.0,28269972.99,68
19,ATSA11,Shoppings,3442.62,65.0,0.0092,-0.0091,134299450.74,287
20,AURB11,Imóveis Comerciais - Outros,4310.05,103.0,0.0,0.0,68294946.08,19
21,AZPL11,Serviços Financeiros Diversos,562895.05,69.0,0.0118,-0.036000000000000004,175894951.15,7752
22,BARI11,Papéis,645662.48,69.0,0.0111,-0.044500000000000005,420271435.08,38195
23,BBFI11B,Lajes Corporativas,182918.19,41.0,0.47509999999999997,0.042199999999999994,112051413.35,7144
24,BBFO11,Fundo de Fundos,350512.33,81.0,0.009899999999999999,-0.0375,291568249.71,6782
25,BBGO11,Indefinido,717564.62,65.0,0.0013,-0.0567,389023265.06,12590
26,BBIG11,Serviços Financeiros Diversos,1543195.29,73.0,0.0126,-0.2143,967287258.8,26259
27,BBIM11,Papéis,0.0,0.0,0.0,0.0,66750.0,20
28,BBPO11,Agências de Bancos,1815419.7,84.0,0.0109,-0.0506,1614021771.69,68471
29,BBRC11,Agências de Bancos,178951.71,89.0,0.009899999999999999,-0.002,178003639.31,9422
30,BCIA11,Fundo de Fundos,444992.33,82.0,0.009899999999999999,-0.0592,355150580.39,26011
31,BCRI11,Papéis,511707.52,68.0,0.0121,-0.0141,539905145.16,43375
32,BDIF11,Indefinido,3631621.67,0.0,0.0129,-0.0298,0.0,0
33,BDIV11,Indefinido,757044.62,0.0,0.5292,-0.0282,0.0,0
34,BETW11,Indefinido,0.0,0.0,0.0,0.0,251577813.14,1
35,BICE11,Fundo de Fundos,234657.19,96.0,0.0097,0.0356,123045058.26,118
36,BICR11,Papéis,4457.0,84.0,0.0102,-0.1054,21402673.99,674
37,BIDB11,Indefinido,368941.81,0.0,0.011000000000000001,-0.0677,0.0,0
38,BIME11,Indefinido,69282.57,74.0,0.0129,-0.046,49575692.66,8841
39,BINC11,Papéis,548893.38,0.0,0.0089,-0.0621,0.0,0
40,BIPD11,Indefinido,94906.0,92.0,0.0,0.0,91284991.7,112
41,BLCA11,Indefinido,179161.0,74.0,0.0053,-0.025099999999999997,191120507.96,495
42,BLCP11,Imóveis Industriais e Logísticos,103127.5,143.0,0.0063,0.0,118155565.38,8102
43,BLMC11,Papéis,150671.33,134.0,0.0,0.0,118155565.38,8102
44,BLMG11,Imóveis Industriais e Logísticos,488429.62,38.0,0.0149,-0.10980000000000001,288736482.85,14095
45,BLMO11,Lajes Corporativas,17513.52,75.0,0.0062,0.0068000000000000005,103463246.47,394
46,BLMR11,Fundo de Fundos,1157702.33,11.0,0.0,0.0,118155565.38,8102
47,BLOG11,Misto,3136.0,102.0,0.0,0.0,145290008.16,23
48,BLUR11,Papéis,1986.24,89.0,0.008100000000000001,-0.1235,7539577.43,135
49,BMLC11,Lajes Corporativas,165248.1,97.0,0.0077,-0.0014000000000000002,99256939.57,1380
50,BNFS11,Agências de Bancos,136352.43,116.0,0.013999999999999999,-0.11810000000000001,58628829.86,5514
51,BODB11,Indefinido,1977695.57,0.0,0.0038,-0.0435,0.0,0
52,BPFF11,Fundo de Fundos,390865.57,78.0,0.0101,-0.0226,316473391.74,21076
53,BPLC11,Misto,0.0,0.0,0.0,0.0,328591587.35,114
54,BPML11,Shoppings,983137.71,55.0,0.0134,-0.005,957176860.53,5967
55,BPRP11,Imóveis Industriais e Logísticos,1228.57,86.0,0.0,0.0,169496975.27,171
56,BRCO11,Imóveis Industriais e Logísticos,3804846.05,82.0,0.0087,-0.0622,1888409655.64,117506
57,BRCR11,Lajes Corporativas,1637424.71,45.0,0.012199999999999999,-0.058499999999999996,2368970094.65,131824
58,BREV11,Lajes Corporativas,329418.76,165.0,0.0055000000000000005,0.0032,118155565.38,8102
59,BRFT11,Misto,77182.43,0.0,0.013500000000000002,-0.027000000000000003,0.0,0
60,BRIM11,Fundo de Desenvolvimento,32167.29,141.0,0.046,-0.0383,89547033.68,413
61,BRIP11,Fundo de Desenvolvimento,24248.9,95.0,0.0358,-0.0064,203298246.28,316
62,BRLA11,Imóveis Industriais e Logísticos,21194.28,88.0,0.008199999999999999,-0.0541,800422005.14,437
63,BROF11,Lajes Corporativas,432352.38,39.0,0.0097,0.0374,1261528596.94,10111
65,BTAG11,Indefinido,436004.1,0.0,0.0149,-0.0562,0.0,0
66,BTAL11,Imóveis Industriais e Logísticos,585896.19,61.0,0.011699999999999999,-0.0075,671669756.0,41608
67,BTCI11,Papéis,2325061.76,81.0,0.011000000000000001,-0.09,995855831.35,178871
68,BTCR11,Papéis,135987.62,138.0,0.0098,-0.0596,118155565.38,8102
69,BTHF11,Papéis,0.0,0.0,0.0,0.0,2123575678.23,10811
70,BTHI11,Hotéis,38502.86,66.0,0.0092,0.1586,582374006.2,1194
71,BTLG11,Imóveis Industriais e Logísticos,10028232.48,88.0,0.008100000000000001,0.0087,4494781893.66,365839
72,BTML11,Lajes Corporativas,0.0,88.0,0.0079,0.0,131207174.94,1
73,BTRA11,Indefinido,539778.67,37.0,0.0076,0.0528,372370898.52,14595
74,BTSG11,Imóveis Industriais e Logísticos,2891.0,109.0,0.006,-0.0059,112592103.04,107
75,BTSI11,Misto,533.0,104.0,0.0067,-0.0067,499181542.39,176
76,BTWR11,Fundo de Desenvolvimento,24599.24,93.0,0.0060999999999999995,0.0,92051642.77,120
77,BTYU11,Incorporações,171491.71,98.0,0.0,0.0,306183962.61,156
78,BZEL11,Misto,0.0,0.0,0.0,0.0,507455659.93,3
79,CACR11,Papéis,2136176.24,82.0,0.0139,-0.0383,471437432.52,24997
80,CARE11,Misto,128341.38,19.0,0.0023,-0.0263,249719125.29,11719
81,CBOP11,Lajes Corporativas,12337.9,31.0,0.0021,-0.0223,101541498.11,2515
82,CCME11,Indefinido,563055.81,78.0,0.0098,-0.1121,710243260.93,4830
83,CCRF11,Papéis,1276.82,145.0,0.0,0.0,118155565.38,8102
84,CCVA11,Indefinido,159202.27,98.0,0.0,0.0,62219445.87,1
85,CDII11,Indefinido,7374516.19,0.0,0.009399999999999999,-0.0661,0.0,0
86,CEOC11,Lajes Corporativas,27477.57,55.0,0.012,-0.0363,131426196.64,4501
87,CFHI11,Fundo de Desenvolvimento,3033.0,99.0,0.0,0.0,61120707.03,103
88,CFII11,Indefinido,6250.0,91.0,0.0,0.0,128910186.16,107
89,CIXM11,Misto,220499.5,24.0,0.0,0.0,228796538.66,108
90,CJCT11,Lajes Corporativas,10991.14,68.0,0.0017000000000000001,-0.0447,225510031.79,966
91,CLIN11,Fundo de Fundos,1511474.33,81.0,0.011899999999999999,-0.1073,422961145.51,11389
92,CNES11,Lajes Corporativas,94062.29,14.0,0.005699999999999999,-0.1016,262037861.86,108813
93,COPP11,Lajes Corporativas,1827632.0,94.0,0.0,0.0,309840713.14,132
94,CORM11,Lajes Corporativas,0.0,0.0,0.009000000000000001,-0.0297,0.0,0
95,CPFF11,Fundo de Fundos,917416.62,80.0,0.0055000000000000005,-0.0323,191530307.2,8055
96,CPFO11,Fundo de Fundos,0.0,0.0,0.0,0.0,118155565.38,8102
97,CPLG11,Misto,2653580.62,105.0,0.013600000000000001,0.0176,358321991.16,176
98,CPOF11,Misto,514824.33,98.0,0.0079,-0.0032,309840713.14,132
99,CPSH11,Indefinido,3781735.14,82.0,0.0118,-0.0323,891969576.93,11838
100,CPTI11,Indefinido,3613416.1,0.0,0.011699999999999999,-0.0388,0.0,0
101,CPTR11,Indefinido,923624.24,65.0,0.011899999999999999,0.0513,390184807.26,30097
102,CPTS11,Papéis,8352562.95,76.0,0.0116,-0.0874,2744158527.53,376678
103,CRAA11,Indefinido,1016344.81,85.0,0.009300000000000001,-0.14880000000000002,239604790.94,8225
104,CRFF11,Fundo de Fundos,52665.52,86.0,0.0089,-0.0353,54372521.24,1336
105,CSMC11,Indefinido,0.0,0.0,0.0,0.0,1365585065.77,1
106,CTXT11,Lajes Corporativas,3672.43,25.0,0.0004,0.01,106015755.51,2445
107,CVBI11,Papéis,2636415.1,79.0,0.0115,-0.0678,1022598364.36,93015
108,CVPR11,Indefinido,0.0,0.0,0.0,0.0,3764560.28,2
109,CXAG11,Agências de Bancos,170954.33,62.0,0.0096,0.0008,241813068.41,12395
110,CXCE11B,Lajes Corporativas,9205.0,61.0,0.0109,0.0018,110543765.88,3247
111,CXCI11,Indefinido,126014.81,80.0,0.0109,-0.0591,169668353.96,5330
112,CXCO11,Lajes Corporativas,220073.29,52.0,0.0098,-0.0745,400278019.76,13451
113,CXRI11,Fundo de Fundos,7301.48,85.0,0.0086,-0.053099999999999994,125069885.61,1927
114,CXTL11,Imóveis Industriais e Logísticos,4632.24,51.0,0.0088,-0.0861,21404970.26,684
115,CYCR11,Indefinido,762585.24,87.0,0.011200000000000002,-0.0059,344494732.96,20035
116,DAMA11,Misto,12503.19,98.0,0.0063,-0.0909,42817034.3,719
117,DAMT11B,Shoppings,1400.0,83.0,0.0033,-0.17,246416467.0,538
118,DCRA11,Misto,139242.29,0.0,0.014199999999999999,-0.0964,0.0,0
119,DEVA11,Papéis,884763.71,27.0,0.0139,-0.061200000000000004,1398736895.82,99631
120,DLMT11,Varejo,0.0,0.0,0.0,0.0,7983558.23,9
121,DPRO11,Indefinido,2707.9,65.0,0.0087,-0.0579,46040465.98,737
122,DRIT11B,Lajes Corporativas,1547.0,65.0,0.0,0.0,59546014.82,364
123,DVFF11,Fundo de Fundos,29922.86,75.0,0.0109,-0.0776,92016009.14,1748
124,EDFO11B,Lajes Corporativas,7938.5,103.0,0.0,0.0,52707758.43,500
125,EDGA11,Lajes Corporativas,12396.81,27.0,0.0034000000000000002,0.0017000000000000001,237873097.08,4374
126,EGAF11,Indefinido,574380.57,83.0,0.0121,-0.0017000000000000001,308778756.36,11948
127,ENDD11,Indefinido,289691.24,0.0,0.0279,0.1066,0.0,0
128,EQIA11,Fiagro,0.0,0.0,0.0,0.0,0.0,0
129,EQIR11,Indefinido,226329.1,75.0,0.011699999999999999,-0.0709,104782914.95,11438
130,ERCR11,Varejo,0.0,59.0,0.0277,-0.08990000000000001,62813536.15,10
131,ERPA11,Lajes Corporativas,3273.0,94.0,0.006500000000000001,-0.0298,71095792.53,443
132,ESUD11,Indefinido,1579.95,0.0,0.0,0.0,0.0,0
133,ESUT11,Indefinido,58182.0,0.0,0.0,0.0,0.0,0
134,ESUU11,Indefinido,3200.0,0.0,0.0,0.0,0.0,0
135,EURO11,Imóveis Industriais e Logísticos,38078.57,61.0,0.0085,0.0036,129845419.33,2178
136,EVBI11,Misto,32194.42,108.0,0.01,0.0304,411111480.82,1336
137,EXES11,Indefinido,56276.67,104.0,0.0115,0.0,64854403.56,399
138,FAED11,Educacional,64708.0,62.0,0.0115,-0.0258,152202971.24,4444
139,FAMB11B,Lajes Corporativas,47041.93,28.0,0.005600000000000001,-0.478,262521190.51,2210
140,FAOE11,Indefinido,0.0,1453.0,0.0,0.0,118155565.38,8102
141,FATN11,Lajes Corporativas,734864.24,75.0,0.0105,-0.0667,353973530.95,19293
142,FCFL11,Educacional,279777.86,87.0,0.0077,-0.0501,426963667.5,3813
143,FEXC11,Papéis,860137.12,10.0,0.0,0.0,1001470167.13,36232
144,FGAA11,Indefinido,1360819.86,76.0,0.0137,-0.0636,432690947.48,51467
145,FIGS11,Shoppings,130870.81,58.0,0.0089,-0.027200000000000002,231571161.57,13061
146,FIIB11,Imóveis Industriais e Logísticos,281786.76,105.0,0.0076,-0.0134,323534675.44,16051
147,FIIP11B,Imóveis Industriais e Logísticos,1172.8,81.0,0.0087,0.0,183908294.2,54345
148,FISC11,Lajes Corporativas,11666.95,56.0,0.0077,0.0074,204893636.58,205
149,FLCR11,Papéis,238907.48,100.0,0.011899999999999999,0.0075,60827956.7,3147
150,FLFL11,Fundo de Desenvolvimento,0.0,0.0,0.0,0.0,492279207.23,1
151,FLMA11,Lajes Corporativas,69367.33,60.0,0.009000000000000001,-0.002,300246024.16,13285
152,FLRP11,Shoppings,19799.57,83.0,0.0069,-0.0383,164734569.18,811
153,FMOF11,Lajes Corporativas,724.0,43.0,0.009300000000000001,0.0,59680480.65,260
154,FPAB11,Lajes Corporativas,10514.24,58.0,0.0060999999999999995,-0.1121,256485958.16,778
155,FRHY11,Indefinido,0.0,0.0,0.0,0.0,2349387.59,7
156,FVPQ11,Shoppings,108240.57,23.0,0.0063,-0.2297,534020574.02,4161
157,FZDA11,Indefinido,8902.52,70.0,0.0083,0.0672,266843931.24,361
158,FZDB11,Indefinido,4140.33,73.0,0.0349,0.0,607279396.16,105
159,GAME11,Indefinido,144129.05,85.0,0.010700000000000001,-0.0344,206002084.97,24143
160,GARE11,Imóveis Industriais e Logísticos,7595904.0,90.0,0.0103,-0.0155,1133131462.28,272842
161,GCFF11,Fundo de Fundos,87694.83,109.0,0.0,0.0,118155565.38,8102
162,GCOI11,Indefinido,70705.0,104.0,0.0,0.0,10726744.06,354
163,GCRA11,Indefinido,199627.71,46.0,0.0137,-0.11869999999999999,151755928.34,8093
164,GCRI11,Papéis,141133.52,65.0,0.014499999999999999,-0.0779,131729433.58,4490
165,GESE11B,Educacional,0.0,2382.0,0.0,0.0,118155565.38,8102
166,GGRC11,Imóveis Industriais e Logísticos,1837297.14,72.0,0.01,-0.0138,1387883000.2,132517
167,GLOG11,Imóveis Industriais e Logísticos,124908.0,52.0,0.0089,-0.0274,81411012.08,2305
168,GRUL11,Logística,529307.86,76.0,0.0139,-0.08,236444620.0,4298
169,GRWA11,Indefinido,16875.1,83.0,0.0118,-0.030899999999999997,27692881.64,2602
170,GSFI11,Shoppings,1547490.57,55.0,0.0003,0.0,1278991812.78,7136
171,GTLG11,Imóveis Industriais e Logísticos,22885.25,100.0,0.0,0.0,118155565.38,8102
172,GTWR11,Lajes Corporativas,1142490.57,70.0,0.0109,-0.020099999999999996,1217668435.33,41327
173,GURB11,Indefinido,5000076.0,93.0,0.006500000000000001,0.0,131207174.94,1
174,GZIT11,Indefinido,478104.33,43.0,0.0169,-0.0275,2070008539.59,5122
175,HAAA11,Lajes Corporativas,1573.86,38.0,0.0024,0.0018,258319283.19,244
176,HABT11,Papéis,1614935.71,74.0,0.013600000000000001,-0.0723,770705858.88,67508
177,HBCR11,Indefinido,12613181.86,106.0,0.0074,0.0059,206043753.12,38
178,HBRH11,Lajes Corporativas,14627.0,80.0,0.0055000000000000005,0.01,316852348.31,720
179,HCHG11,Papéis,72100.67,78.0,0.0108,-0.052199999999999996,112496713.78,733
180,HCRA11,Indefinido,32281.0,0.0,0.009399999999999999,-0.010700000000000001,0.0,0
181,HCRI11,Hospitalar,44026.57,82.0,0.0105,0.056600000000000004,64294457.42,3147
182,HCTR11,Papéis,1457209.57,16.0,0.013300000000000001,-0.032,2524337724.19,154617
183,HDEL11,Imóveis Industriais e Logísticos,9093.29,116.0,0.09179999999999999,0.0,71100832.85,114
184,HFOF11,Fundo de Fundos,2830097.71,75.0,0.0096,-0.0922,1653617236.1,73736
185,HGAG11,Indefinido,2850.38,55.0,0.0087,-0.14279999999999998,5856579.07,1243
186,HGBL11,Misto,150370.52,104.0,0.013600000000000001,0.0,118884835.34,2618
187,HGBS11,Shoppings,3178693.86,81.0,0.0083,-0.0152,2857651954.31,125953
188,HGCR11,Papéis,4384695.71,93.0,0.009899999999999999,-0.0086,1504118822.11,100567
189,HGFF11,Fundo de Fundos,403014.48,82.0,0.0096,-0.038599999999999995,229606159.38,14981
190,HGIC11,Papéis,4105.24,80.0,0.011200000000000002,-0.052199999999999996,51784267.46,461
191,HGLG11,Imóveis Industriais e Logísticos,9011845.05,97.0,0.0073,-0.0129,5279191713.68,490351
192,HGPO11,Lajes Corporativas,568563.24,78.0,0.48219999999999996,0.050499999999999996,272797070.85,10975
193,HGRE11,Lajes Corporativas,1691578.71,64.0,0.0077,-0.0347,1809562333.47,146043
194,HGRS11,Imóveis Residenciais,0.0,0.0,0.0,0.0,118155565.38,8102
195,HGRU11,Misto,6143491.71,89.0,0.0078000000000000005,-0.044000000000000004,2889058703.09,208651
196,HILG11,Indefinido,943.0,105.0,0.0,0.0,98871375.58,51
197,HLOG11,Imóveis Industriais e Logísticos,81193.43,68.0,0.0048,-0.0027,490687724.4,3671
198,HOFC11,Lajes Corporativas,106927.52,31.0,0.006500000000000001,0.7383,265352814.35,5281
199,HOSI11,Imóveis Residenciais,47771.52,90.0,0.0067,0.0279,52947987.14,1332
200,HPDP11,Shoppings,13524.05,87.0,0.006,-0.0031,313998094.37,398
201,HRDF11,Fundo de Desenvolvimento,34186.0,34.0,0.0,0.0,13390591.83,1032
202,HREC11,Papéis,187618.19,87.0,0.01,-0.0159,454060397.06,2816
203,HRES11,Imóveis Residenciais,47760.0,120.0,0.010700000000000001,0.0,57731366.17,123
204,HSAF11,Papéis,582448.1,81.0,0.0106,-0.0336,218445356.53,9851
205,HSLG11,Imóveis Industriais e Logísticos,592710.24,72.0,0.009000000000000001,-0.0012,1317068433.18,40218
206,HSML11,Shoppings,5021023.57,67.0,0.0098,-0.0436,2265944267.66,195323
207,HSRE11,Misto,3117840.14,105.0,0.0123,0.0101,815276781.05,320
208,HTMX11,Hotéis,1662267.19,118.0,0.0225,-0.1748,199427707.41,35467
209,HUCG11,Hospitalar,1031.19,84.0,0.002,0.08,116235972.27,245
210,HUSC11,Hospitalar,7081.48,65.0,0.0085,-0.0195,129170752.92,757
211,HUSI11,Hospitalar,5810.0,102.0,0.0070999999999999995,0.0,138429144.75,103
212,IAAG11,Indefinido,207914.67,73.0,0.0115,-0.0564,100989892.33,13263
213,IAGR11,Indefinido,14691.24,40.0,0.0021,-0.0836,18159404.14,4017
214,IBCR11,Papéis,106598.0,60.0,0.0138,0.0366,91259177.91,3863
215,IBFF11,Fundo de Fundos,162549.5,104.0,0.0,0.0,118155565.38,8102
216,ICNE11,Imóveis Residenciais,0.0,81.0,0.0004,-0.021400000000000002,96679893.15,5
217,ICRI11,Misto,1155705.95,81.0,0.015300000000000001,-0.004699999999999999,384571221.94,6336
218,IDFI11,Indefinido,2592.8,125.0,0.7804000000000001,-0.5434,3283391.87,617
219,IDGR11,Misto,1194.38,69.0,0.2379,-0.31079999999999997,2249712.09,154
220,IDUA11,Imóveis Comerciais - Outros,0.0,84.0,0.013600000000000001,-0.0262,30684369.46,2
221,IFRA11,Indefinido,2914894.29,0.0,0.0105,-0.0447,0.0,0
222,IFRI11,Misto,3578761.52,0.0,0.0109,-0.052000000000000005,0.0,0
223,IMOV11,Indefinido,0.0,0.0,0.0,0.0,480204850.95,13027
224,INFA11,Outros,0.0,0.0,0.008,0.0,0.0,0
225,INFB11,Indefinido,31855.95,0.0,0.0103,-0.0489,0.0,0
226,INLG11,Imóveis Industriais e Logísticos,378255.43,64.0,0.0109,-0.057999999999999996,457171677.92,19183
227,INRD11,Fundo de Desenvolvimento,57614.57,55.0,0.0087,-0.0341,132968746.75,7962
228,IRDM11,Papéis,3783355.52,73.0,0.012199999999999999,-0.0587,3035347311.11,285375
229,IRIM11,Indefinido,136990.24,71.0,0.0129,-0.0731,164956806.41,2569
230,ISCJ11,Papéis,15955.0,65.0,0.0069,-0.0134,43162538.21,49
231,ITIP11,Papéis,61992.1,92.0,0.0092,-0.021,50999160.23,10060
232,ITIT11,Fundo de Fundos,78880.19,90.0,0.0087,-0.022400000000000003,65553225.35,11427
233,ITRI11,Shoppings,2336274.86,77.0,0.0101,-0.0344,555452636.32,18316
234,IVCI11,Papéis,0.0,97.0,0.0076,-0.024,49838996.43,16
235,JASC11,Imóveis Comerciais - Outros,3428.52,92.0,0.0059,0.019799999999999998,374275484.82,168
236,JBFO11,Papéis,8200.0,20.0,0.4382,-0.6716,96860576.67,366
237,JCCJ11,Papéis,1555516.86,89.0,0.0,0.0,298671800.64,115
238,JCIN11,Fundo de Fundos,1318578.57,100.0,0.0,0.0,196986234.08,7
239,JFLL11,Imóveis Residenciais,2207054.05,67.0,0.008199999999999999,0.049100000000000005,155822067.13,2305
240,JGPX11,Indefinido,578130.05,55.0,0.0092,-0.1225,197066058.7,7198
241,JMBI11,Outros,1972435.25,0.0,0.0,0.0,0.0,0
242,JPPA11,Papéis,183494.05,78.0,0.0131,0.008199999999999999,87258519.78,7388
243,JRDM11,Shoppings,610682.0,135.0,0.0,0.0,118155565.38,8102
244,JSAF11,Fundo de Fundos,2039158.05,80.0,0.011200000000000002,-0.0385,699232365.35,18226
245,JSCR11,Papéis,618699.43,87.0,0.013000000000000001,-0.1333,210478145.84,2869
246,JSRE11,Misto,2253067.95,53.0,0.0083,-0.062,2276496116.46,96556
247,JURO11,Indefinido,8175139.43,0.0,0.01,-0.036699999999999997,0.0,0
248,KCRE11,Indefinido,548633.24,83.0,0.009000000000000001,0.008,343041075.77,14698
249,KDIF11,Indefinido,3838841.33,0.0,0.0095,-0.047,0.0,0
250,KDOL11,Misto,208059.8,93.0,0.0049,0.0,73651186.11,2151
251,KEVE11,Fundo de Desenvolvimento,56049.29,161.0,0.0587,-0.0993,87604069.67,453
252,KFOF11,Fundo de Fundos,2168773.0,84.0,0.009899999999999999,0.0037,589549744.07,23514
253,KINP11,Fundo de Desenvolvimento,38394.2,15.0,0.0,0.0,118155565.38,8102
254,KISU11,Fundo de Fundos,1010579.67,88.0,0.009399999999999999,-0.0286,342118998.28,118955
255,KIVO11,Papéis,791154.38,64.0,0.0123,-0.0385,196542317.4,6522
256,KNCA11,Indefinido,5212020.19,82.0,0.0098,-0.018500000000000003,2206819811.63,69674
257,KNCR11,Papéis,15265434.81,96.0,0.0092,0.0005,7339787633.33,378214
258,KNHF11,Indefinido,5092443.43,80.0,0.010700000000000001,-0.038900000000000004,1910360224.25,39658
259,KNHY11,Papéis,5276231.9,98.0,0.0104,0.001,2808080278.75,27574
260,KNIP11,Papéis,10544708.67,95.0,0.01,-0.0027,7440193244.32,75898
261,KNOX11,Indefinido,373252.14,0.0,0.024700000000000003,-0.0353,0.0,0
262,KNPR11,Indefinido,0.0,0.0,0.0,0.0,50714254.34,593
263,KNRE11,Fundo de Desenvolvimento,1512.1,29.0,0.1252,-0.44,15191421.28,6287
264,KNRI11,Misto,6875304.14,82.0,0.0076,-0.0387,4553041797.28,287624
265,KNSC11,Papéis,8107590.43,92.0,0.009399999999999999,-0.0331,1787379056.94,184639
266,KNUQ11,Indefinido,4971772.86,94.0,0.0096,0.014499999999999999,1547793522.55,27806
267,KOPA11,Indefinido,631983.57,80.0,0.0138,0.0014000000000000002,353428275.02,3796
268,KORE11,Lajes Corporativas,3400141.95,71.0,0.0151,-0.0817,1020500511.51,20192
269,LASC11,Shoppings,1525343.52,86.0,0.0060999999999999995,-0.021099999999999997,370415268.35,401
270,LAVF11,Indefinido,0.0,0.0,0.0,0.0,118155565.38,8102
271,LFTT11,Papéis,9696.67,39.0,0.0977,-0.09390000000000001,65609766.66,586
272,LGCP11,Imóveis Industriais e Logísticos,163106.04,64.0,0.0109,-0.057999999999999996,457171677.92,19183
273,LIFE11,Imóveis Comerciais - Outros,1112639.33,84.0,0.0141,-0.0304,341603348.2,13038
274,LLAO11,Misto,551253.0,106.0,0.021099999999999997,0.0,22096064.44,77
275,LOFT11B,Fundo de Desenvolvimento,0.0,744.0,0.0,0.0,7892664.0,1
276,LPLP11,Indefinido,50000.0,131.0,0.0063,-0.0911,146954781.11,8
277,LSAG11,Misto,83700.29,0.0,0.0137,-0.006500000000000001,0.0,0
278,LSPA11,Papéis,8983.43,115.0,0.8684000000000001,0.0,8415548.38,707
279,LTMT11,Imóveis Residenciais,67457.0,90.0,0.08800000000000001,0.0,10065415.24,114
280,LUGG11,Fundo de Desenvolvimento,23956.0,55.0,0.0087,-0.0341,132968746.75,7962
281,LVBI11,Imóveis Industriais e Logísticos,3602682.9,76.0,0.0086,-0.053399999999999996,2007145260.48,135970
282,MALL11,Shoppings,2982758.57,79.0,0.008100000000000001,-0.05,1547401137.92,133118
283,MANA11,Indefinido,1299144.14,81.0,0.0131,-0.0059,349483377.61,15877
284,MATV11,Indefinido,13027.43,136.0,0.0073,-0.0141,118155565.38,8102
285,MAXR11,Varejo,37520.81,51.0,0.09539999999999998,0.0336,136658484.24,4287
286,MBRF11,Lajes Corporativas,0.0,0.0,0.0,0.0,0.0,0
287,MCCI11,Papéis,2541067.1,82.0,0.0104,-0.0679,1559079404.84,109380
288,MCEM11,Shoppings,1908.45,182.0,0.0252,0.0,86527205.94,107
289,MCHF11,Papéis,1778820.09,14.0,0.0,0.0,118155565.38,8102
290,MCHY11,Papéis,4789731.61,77.0,0.012199999999999999,-0.0204,1068543906.54,97406
291,MFAI11,Fundo de Fundos,11326.82,97.0,0.48840000000000006,0.026600000000000002,27988600.04,2301
292,MFII11,Fundo de Desenvolvimento,1220388.05,77.0,0.0123,-0.041299999999999996,560732542.69,32803
293,MGCR11,Papéis,259145.59,15.0,0.0,0.0,118155565.38,8102
294,MGFF11,Fundo de Fundos,2558695.75,110.0,0.0,0.0,118155565.38,8102
295,MGHT11,Hotéis,40863.52,25.0,0.0042,-0.1442,67412093.84,5390
296,MGLG11,Imóveis Industriais e Logísticos,55314.19,55.0,0.0086,-0.036000000000000004,116088485.68,3712
297,MGRI11,Indefinido,0.0,64.0,0.024399999999999998,-0.024300000000000002,22312376.05,1
298,MINT11,Educacional,2067.81,93.0,0.152,-0.058499999999999996,54242905.67,95
299,MMPD11,Indefinido,0.0,0.0,0.0,0.0,60292576.67,103
300,MORC11,Papéis,1741368.33,141.0,0.0,0.0,118155565.38,8102
301,MORE11,Fundo de Fundos,1327577.67,119.0,0.0,0.0,118155565.38,8102
302,MXRF11,Papéis,16960721.1,95.0,0.010700000000000001,-0.025099999999999997,4164747044.54,1220123
303,NAVT11,Papéis,201587.0,72.0,0.0118,-0.1875,50574083.34,3095
304,NCHB11,Papéis,204873.57,76.0,0.0116,-0.0676,150725854.33,11885
305,NCRA11,Indefinido,58054.05,68.0,0.0123,-0.0073,47120401.29,8912
306,NCRI11,Papéis,4046.76,80.0,0.0124,-0.09820000000000001,39284009.21,969
307,NELO11,Logística,0.0,0.0,0.0,0.0,658444664.96,2
308,NEWL11,Imóveis Industriais e Logísticos,581865.14,75.0,0.009000000000000001,0.031400000000000004,368680528.91,8182
309,NEWU11,Lajes Corporativas,27519.81,110.0,0.0009,0.0273,53278459.45,1214
310,NEXG11,Agricultura,54411.29,130.0,0.004699999999999999,0.096,16080689.37,555
311,NSLU11,Hospitalar,99045.76,76.0,0.009899999999999999,-0.0388,266173149.49,5716
312,NUIF11,Indefinido,67107.19,0.0,0.0106,-0.06,0.0,0
313,NVHO11,Hospitalar,2505.62,79.0,0.0068000000000000005,0.0233,634137351.05,1976
314,NVIF11B,Fundo de Desenvolvimento,0.0,88.0,0.0,0.0,87664891.06,7
315,NVRP11,Indefinido,2603.18,0.0,0.5178,0.0,0.0,0
316,OBAL11,Imóveis Residenciais,106664.0,87.0,0.0,0.0,161074431.61,108
317,OCRE11,Papéis,6518.23,100.0,0.0106,-0.0437,40747068.53,498
318,OGHY11,Indefinido,22847.1,14.0,0.0,0.0,118155565.38,8102
319,OGIN11,Misto,167433.43,0.0,0.0131,-0.009000000000000001,0.0,0
320,OIAG11,Indefinido,158310.48,70.0,0.013500000000000002,-0.0463,89708023.64,13328
321,ONEF11,Lajes Corporativas,114431.47,313.0,0.0,0.0,118155565.38,8102
322,OPTM11,Misto,0.0,0.0,0.0,0.0,4349929.74,63
323,ORPD11,Fundo de Desenvolvimento,40275.0,65.0,0.0,0.0,41503074.24,6
324,OUFF11,Fundo de Fundos,264340.11,96.0,0.0125,-0.0144,118155565.38,8102
325,OUJP11,Papéis,486050.43,72.0,0.0115,0.0006,321775529.27,26555
326,OULG11,Imóveis Industriais e Logísticos,54041.86,49.0,0.009300000000000001,0.0196,159170430.61,4084
327,OURE11,Misto,224923.68,123.0,0.0139,0.0384,118155565.38,8102
328,PABY11,Fundo de Desenvolvimento,51010.0,23.0,0.0,0.0,-19683086.56,567
329,PATA11,Misto,9144.48,103.0,0.0102,0.0116,17042846.93,190
330,PATB11,Lajes Corporativas,0.0,0.0,0.0,0.0,781578576.15,1
331,PATC11,Fundo de Desenvolvimento,406973.0,87.0,0.0043,0.0275,143175032.03,6847
332,PATL11,Imóveis Industriais e Logísticos,535565.14,44.0,0.0121,-0.10039999999999999,491918033.25,25578
333,PCAS11,Indefinido,0.0,0.0,0.0,0.0,336378382.84,100
334,PEMA11,Papéis,25705.0,45.0,0.028900000000000002,0.011000000000000001,36904926.26,318
335,PFIN11,Indefinido,1277101.33,0.0,0.0197,-0.1054,0.0,0
336,PICE11,Indefinido,252131.29,0.0,0.0066,-0.12210000000000001,0.0,0
337,PLCA11,Indefinido,89508.52,69.0,0.013300000000000001,-0.0397,52615866.48,2688
338,PLCR11,Papéis,247435.19,78.0,0.0104,-0.0512,190729122.23,15746
339,PLOG11,Imóveis Industriais e Logísticos,70165.04,63.0,0.009899999999999999,0.020099999999999996,79648071.76,3284
340,PLRI11,Papéis,2341.48,52.0,0.0015,0.7148,18457322.24,676
341,PMFO11,Misto,5288.57,102.0,0.009399999999999999,-0.009300000000000001,69310490.18,174
342,PMIS11,Misto,286338.38,74.0,0.0118,-0.0725,137178529.89,8047
343,PNCR11,Imóveis Residenciais,6474.0,101.0,0.0124,0.0,29646109.93,110
344,PNDL11,Fundo de Desenvolvimento,11423.24,111.0,0.0,0.0,155192821.07,61
345,PNPR11,Fundo de Desenvolvimento,13424.62,78.0,0.2523,0.0,65318285.21,26
346,PNRC11,Indefinido,10500.0,104.0,0.0087,-0.0077,40279492.17,105
347,PORD11,Papéis,622458.52,77.0,0.011000000000000001,0.01,352420214.65,37736
348,PPEI11,Indefinido,299955.19,0.0,0.0418,0.0965,0.0,0
349,PQAG11,Imóveis Industriais e Logísticos,2165.52,96.0,0.0079,0.0070999999999999995,804441008.45,479
350,PQDP11,Shoppings,562075.43,59.0,0.009399999999999999,0.002,347795591.34,3598
351,PRSV11,Lajes Corporativas,3941.67,35.0,0.0362,0.0209,34016423.07,863
352,PRTS11,Shoppings,0.0,184.0,0.0,0.0,118155565.38,8102
353,PULV11,Papéis,15646.33,91.0,0.0098,-0.0051,116978194.92,723
354,PVBI11,Lajes Corporativas,5508783.9,69.0,0.0074,-0.0639,2847459867.37,165266
355,QAGR11,Indefinido,534044.14,71.0,0.01,-0.0059,304952482.94,18596
356,QAMI11,Papéis,12765.52,133.0,0.011699999999999999,0.0669,118155565.38,8102
357,QIRI11,Papéis,6867.57,122.0,0.0,0.0,118155565.38,8102
358,QNTS11,Indefinido,0.0,0.0,0.0,0.0,167778965.45,135
359,RBCO11,Lajes Corporativas,0.0,0.0,0.0,0.0,0.0,0
360,RBDS11,Fundo de Desenvolvimento,21314.0,16.0,0.1121,-0.512,2353945.12,898
361,RBED11,Educacional,1398204.71,68.0,0.008199999999999999,-0.1175,320910949.76,12277
362,RBFF11,Fundo de Fundos,728443.05,74.0,0.009899999999999999,-0.019799999999999998,230251676.34,24098
363,RBGS11,Shoppings,0.0,45.0,0.0062,-0.019,118155565.38,8102
364,RBHG11,Papéis,403892.71,80.0,0.0109,-0.0187,188619418.88,10574
365,RBHY11,Papéis,277976.1,85.0,0.0121,-0.0275,176037060.64,3465
366,RBIF11,Indefinido,413680.86,0.0,0.0115,-0.1198,0.0,0
367,RBIR11,Fundo de Desenvolvimento,142410.95,79.0,0.024,-0.006,150490696.26,1550
368,RBLG11,Imóveis Industriais e Logísticos,31152.0,84.0,0.0118,0.0335,45944144.1,265
369,RBOP11,Lajes Corporativas,34114.24,38.0,0.0097,-0.004,76636584.05,3520
370,RBRD11,Varejo,39148.1,53.0,0.010700000000000001,-0.0601,118317625.4,7952
371,RBRF11,Fundo de Fundos,2512176.86,70.0,0.0161,-0.0705,1169611226.35,128386
372,RBRI11,Fundo de Desenvolvimento,2696.76,93.0,0.0513,0.0,150061900.13,100
373,RBRL11,Imóveis Industriais e Logísticos,571770.95,62.0,0.0113,-0.0582,686667736.75,14314
374,RBRM11,Fundo de Desenvolvimento,0.0,1788.0,0.0,0.0,2860101.93,54
375,RBRP11,Lajes Corporativas,1383194.67,64.0,0.010700000000000001,-0.0509,933998417.18,77359
376,RBRR11,Papéis,3507562.67,87.0,0.01,-0.0338,1394603397.8,132467
377,RBRS11,Fundo de Desenvolvimento,27699.52,42.0,0.0014000000000000002,-0.0472,158624726.34,1107
378,RBRX11,Indefinido,579789.95,75.0,0.0098,-0.0025,282406026.36,14370
379,RBRY11,Papéis,3476706.38,81.0,0.0118,-0.1388,1242207588.82,62799
380,RBTS11,Fundo de Desenvolvimento,1404.67,111.0,0.16670000000000001,0.005,27865930.87,140
381,RBVA11,Varejo,2023231.81,76.0,0.0096,-0.045,1337504190.47,64498
382,RBVO11,Papéis,17439.95,95.0,0.0004,0.5011,2882596.37,6943
383,RCFF11,Fundo de Fundos,1105.0,68.0,0.21109999999999998,0.325,33551625.87,79
384,RCRB11,Lajes Corporativas,711047.14,55.0,0.0097,-0.1161,755786600.34,33752
385,RDCI11,Indefinido,0.0,0.0,0.0,0.0,222243229.33,114
386,RDPD11,Papéis,98337.21,106.0,0.0132,0.0736,24085452.18,3141
387,RECD11,Papéis,1449.05,100.0,0.015600000000000001,0.0,54599682.64,149
388,RECM11,Papéis,759133.16,93.0,0.0085,0.0,82962248.14,629
389,RECR11,Papéis,2598440.19,75.0,0.0132,-0.0713,2417604833.97,169338
390,RECT11,Lajes Corporativas,317371.0,29.0,0.0129,-0.0541,785758858.22,55805
391,RECX11,Fundo de Fundos,2656.22,94.0,0.1819,0.0,15823826.78,577
392,REIT11,Papéis,474.0,32.0,0.023399999999999997,0.0,7475126.43,67
393,RELG11,Imóveis Industriais e Logísticos,425801.1,44.0,0.014199999999999999,-0.0857,168966548.5,4405
394,RENV11,Serviços Financeiros Diversos,24951.67,103.0,0.0072,-0.021,9890399.22,473
395,RFOF11,Fundo de Fundos,244882.9,77.0,0.011200000000000002,-0.0679,74350149.86,4624
396,RIFF11,Indefinido,471141.14,0.0,0.0134,-0.18469999999999998,0.0,0
397,RINV11,Indefinido,449216.0,100.0,0.010700000000000001,-0.0451,195680579.68,3568
398,RMAI11,Lajes Corporativas,31320.19,73.0,0.0064,-0.0144,248727410.4,1091
399,RNDP11,Papéis,4863.29,68.0,0.0159,0.008100000000000001,6692761.92,1252
400,RNGO11,Lajes Corporativas,72536.76,49.0,0.0086,-0.08560000000000001,224049824.72,8629
401,ROOF11,Fundo de Desenvolvimento,72700.0,142.0,0.0187,-0.0184,37691539.23,79
402,RPRI11,Papéis,448471.62,79.0,0.011000000000000001,0.0007000000000000001,343329932.72,4391
403,RRCI11,Papéis,49137.48,68.0,0.0124,-0.0426,43659920.09,2011
404,RSPD11,Fundo de Desenvolvimento,23571.0,88.0,0.019,0.0,160660370.22,140
405,RURA11,Misto,3103536.86,0.0,0.0078000000000000005,0.0596,0.0,0
406,RVBI11,Fundo de Fundos,1892568.81,80.0,0.0124,-0.11199999999999999,790903830.21,47725
407,RZAG11,Indefinido,1584112.29,76.0,0.0139,-0.0446,653057767.4,82939
408,RZAK11,Papéis,1935058.33,83.0,0.0137,0.016399999999999998,776375573.85,50385
409,RZAT11,Imóveis Industriais e Logísticos,972576.71,82.0,0.011399999999999999,-0.1084,426954950.94,38348
410,RZEO11,Indefinido,3462.0,105.0,0.0196,0.0,716954546.81,152
411,RZLC11,Papéis,1972560.81,101.0,0.0087,0.0087,49598116.55,1
412,RZTR11,Misto,4814291.43,85.0,0.0131,0.0232,1843152511.64,130863
413,RZZR11,Imóveis Industriais e Logísticos,7571.76,88.0,0.008199999999999999,-0.0541,800422005.14,437
414,SADI11,Papéis,214654.62,88.0,0.0102,-0.0319,147370575.7,10706
415,SAPI11,Misto,349393.0,73.0,0.011000000000000001,-0.0596,150942113.82,2690
416,SARE11,Misto,621193.0,47.0,0.005600000000000001,-0.0955,717002955.07,33713
417,SCPF11,Shoppings,97743.0,17.0,0.0106,-0.08990000000000001,49910530.05,4710
418,SDIL11,Imóveis Industriais e Logísticos,1030917.86,101.0,0.0076,0.0204,612048658.06,63292
419,SEED11,Indefinido,4761.9,112.0,0.011000000000000001,0.0167,146942307.63,130
420,SEQR11,Misto,106866.95,50.0,0.0118,-0.0116,154103734.31,5200
421,SHOP11,Shoppings,283732.0,158.0,0.0,0.0,67286308.34,67
422,SHPH11,Shoppings,157786.29,92.0,0.0049,-0.057999999999999996,562234639.03,2271
423,SHSO11,Indefinido,0.0,0.0,0.0,0.0,118155565.38,8102
424,SIGR11,Indefinido,5238.0,100.0,0.0,0.0,68014346.05,183
425,SJAU11,Imóveis Industriais e Logísticos,63357.0,85.0,0.0,0.0,498353891.68,213
426,SMRE11,Incorporações,349529.95,91.0,0.0103,-0.0285,98551642.01,2
427,SNAG11,Papéis,1305548.24,95.0,0.0,0.0,581007295.4,108684
428,SNCI11,Papéis,621481.76,83.0,0.0,0.0,411830896.74,40957
429,SNEL11,Fundo de Desenvolvimento,655952.14,125.0,0.011200000000000002,0.0325,132425356.73,20206
430,SNFF11,Fundo de Fundos,367017.81,93.0,0.0,0.0,277346708.73,30176
431,SNFZ11,Misto,20545.71,100.0,0.0,0.0,61291402.16,3217
432,SNID11,Indefinido,156980.33,0.0,0.01,-0.0158,0.0,0
433,SNLG11,Imóveis Industriais e Logísticos,94396.33,87.0,0.0123,-0.0208,65477185.63,3730
434,SNME11,Indefinido,36814.19,105.0,0.0105,0.0011,68839305.84,3440
435,SOLR11,Imóveis Comerciais - Outros,4931882.0,114.0,0.0,0.0,59685145.8,55
436,SPDE11,Indefinido,65152.63,113.0,0.0254,-0.05,93005009.23,120
437,SPMO11,Indefinido,335334.0,108.0,0.0,0.0,242005677.81,14
438,SPTW11,Lajes Corporativas,107498.71,55.0,0.011699999999999999,-0.0083,103437106.43,21510
439,SPVJ11,Shoppings,0.0,0.0,0.0,0.0,199249735.04,26
440,SPXS11,Indefinido,370315.14,85.0,0.0118,-0.0535,191003505.75,19551
441,SRVD11,Indefinido,23391.0,556.0,0.0229,-0.09789999999999999,52368152.77,106
442,STRX11,Fundo de Desenvolvimento,1120.0,108.0,0.004699999999999999,-0.0096,237267604.76,109
443,TCPF11,Misto,0.0,36.0,0.0,0.0,32330336.18,52
444,TELM11,Indefinido,208354.17,99.0,0.006999999999999999,0.0,21592731.31,103
445,TEPP11,Lajes Corporativas,670392.95,75.0,0.009399999999999999,-0.0484,411190815.55,29721
446,TGAR11,Fundo de Desenvolvimento,7454778.62,79.0,0.011899999999999999,-0.045700000000000005,2618628834.13,170260
447,TJKB11,Indefinido,12556.86,101.0,0.0118,-0.062,263604018.71,177
448,TMPS11,Fundo de Fundos,328451.71,86.0,0.0199,-0.029300000000000003,89845053.52,1994
449,TOPP11,Imóveis Comerciais - Outros,1079008.0,76.0,0.0121,-0.1616,444509021.87,5086
450,TORD11,Misto,44540.05,13.0,0.009000000000000001,-0.24530000000000002,235453506.45,74959
451,TRBL11,Imóveis Industriais e Logísticos,1210916.0,60.0,0.0088,-0.0116,770875560.98,56218
452,TRNT11,Lajes Corporativas,34630.1,70.0,0.0006,0.0,682291776.73,576
453,TRXB11,Fundo de Desenvolvimento,144435.62,113.0,0.0382,-0.0087,400037886.25,349
454,TRXF11,Imóveis Comerciais - Outros,6262468.38,93.0,0.0091,0.0103,2094805620.61,184460
455,TSER11,Lajes Corporativas,57143.0,100.0,0.0098,0.028399999999999998,136486087.34,20
456,TVRI11,Agências de Bancos,1412018.05,84.0,0.0109,-0.0506,1614021771.69,68471
457,URHF11,Outros,2484.71,100.0,0.012,-0.115,10752120.84,158
458,URPR11,Papéis,2125240.1,52.0,0.0144,-0.10289999999999999,1184327903.44,79123
459,VANG11,Indefinido,46826.48,0.0,0.009899999999999999,-0.0098,0.0,0
460,VCJR11,Papéis,2947418.62,75.0,0.0111,-0.0216,1392110627.49,34010
461,VCRA11,Indefinido,1090643.1,58.0,0.0131,-0.0113,477371673.61,11417
462,VCRI11,Papéis,166663.48,72.0,0.0116,-0.053,168263291.93,10964
463,VCRR11,Imóveis Residenciais,203846.43,45.0,0.0096,-0.06570000000000001,260980601.07,4204
464,VGHF11,Misto,3827146.19,80.0,0.0116,0.0052,1459392047.53,406957
465,VGIA11,Indefinido,1729246.43,81.0,0.014199999999999999,-0.0688,804393262.42,172151
466,VGII11,Tecidos. Vestuário e Calçados,0.0,93.0,0.030299999999999997,0.0,50235369.53,5
467,VGIP11,Papéis,2245867.0,80.0,0.0113,-0.0867,1065985547.77,88359
468,VGIR11,Papéis,5925146.67,91.0,0.0126,-0.07919999999999999,1422405908.98,261193
469,VGRI11,Misto,507765.14,74.0,0.0183,-0.061799999999999994,342639869.09,4607
470,VIDS11,Fundo de Desenvolvimento,0.0,100.0,0.0,0.0,83427016.37,199
471,VIFI11,Fundo de Fundos,218328.33,76.0,0.009899999999999999,-0.0329,66405125.72,5778
472,VIGT11,Indefinido,1396106.57,0.0,0.0278,-0.1241,0.0,0
473,VILG11,Imóveis Industriais e Logísticos,2171482.38,64.0,0.008,-0.042699999999999995,1701890060.03,156058
474,VINO11,Lajes Corporativas,763038.67,42.0,0.0101,-0.019799999999999998,888711448.21,153106
475,VISC11,Shoppings,6521371.76,73.0,0.0083,-0.0753,3637559318.14,349377
476,VIUR11,Misto,210608.76,61.0,0.011399999999999999,0.037000000000000005,239805255.17,48461
477,VJFD11,Papéis,3720.48,100.0,0.0048,0.0,753752856.68,96
478,VLIQ11,Indefinido,0.0,0.0,0.0,0.0,118155565.38,8102
479,VLOL11,Lajes Corporativas,160238.13,154.0,0.0,0.0,118155565.38,8102
480,VOTS11,Papéis,2832.14,73.0,0.0096,0.013300000000000001,77350822.98,663
481,VRTA11,Papéis,1945328.38,81.0,0.009899999999999999,-0.023,1382915361.99,119224
482,VRTM11,Misto,394345.19,71.0,0.0125,-0.0601,439683074.94,12245
483,VSEC11,Papéis,250.0,0.0,0.0,0.0,118155565.38,8102
484,VSHO11,Shoppings,73592.48,62.0,0.0102,-0.0191,217450790.43,3556
485,VSLH11,Papéis,171982.33,27.0,0.0121,-0.0294,331165442.19,77618
486,VTLT11,Imóveis Industriais e Logísticos,130424.67,72.0,0.0103,-0.023399999999999997,238772468.54,6089
487,VTPL11,Papéis,1273.17,100.0,0.0,0.0,99661107.98,124
488,VVCO11,Lajes Corporativas,207451.43,96.0,0.0,0.0,141098708.5,3054
489,VVCR11,Papéis,160252.09,90.0,0.0097,-0.0043,78589242.29,2438
490,VVMR11,Lajes Corporativas,308162.24,80.0,0.0055000000000000005,0.01,316852348.31,720
491,VVPR11,Misto,1249061.55,159.0,0.0089,0.004,118155565.38,8102
492,VVRI11,Indefinido,182635.82,99.0,0.0074,-0.0105,79846007.28,167
493,VXXV11,Fundo de Desenvolvimento,1043476.23,108.0,0.0,0.0,182336837.77,19
494,WPLZ11,Shoppings,3022.62,59.0,0.0054,-0.063,96676265.86,1726
495,WSEC11,Indefinido,12794.43,76.0,0.012,-0.0425,22254203.31,531
496,WTSP11B,Misto,3852.0,45.0,0.0,0.0,98293009.04,210
497,XPCA11,Indefinido,1184070.95,63.0,0.0064,-0.0371,427605802.21,106459
498,XPCI11,Papéis,2012977.48,79.0,0.0104,-0.0179,775877731.3,74981
499,XPCM11,Lajes Corporativas,18106.19,26.0,0.002,-0.0154,66206640.79,19770
500,XPHT11,Hotéis,230869.59,66.0,0.0092,0.1586,582374006.2,1194
501,XPID11,Indefinido,331715.9,0.0,0.0118,-0.049800000000000004,0.0,0
502,XPIE11,Indefinido,2614499.57,0.0,0.016200000000000003,-0.1158,0.0,0
503,XPIN11,Imóveis Industriais e Logísticos,352032.67,63.0,0.0106,-0.035,753061293.75,46837
504,XPLG11,Imóveis Industriais e Logísticos,4575204.57,80.0,0.0083,-0.027999999999999997,3498312039.33,348915
505,XPML11,Shoppings,15964243.76,84.0,0.0089,-0.015,6480240151.23,555889
506,XPPR11,Lajes Corporativas,125029.1,22.0,0.0049,-0.0426,452861360.01,44739
507,XPSF11,Fundo de Fundos,536367.48,77.0,0.0108,-0.046900000000000004,330823221.4,63255
508,XTED11,Lajes Corporativas,17641.88,68.0,0.0,0.0,67378204.04,4098
509,YUFI11,Fundo de Desenvolvimento,1676.0,67.0,0.0018,-0.0011,51827010.75,58
510,YUFI11B,Indefinido,0.0,0.0,0.0,0.0,0.0,0
511,ZAGH11,Serviços Financeiros Diversos,1353.76,140.0,0.0054,0.006999999999999999,42783877.65,274
512,ZAVC11,Indefinido,277.0,103.0,0.0124,0.1656,31110512.89,138
513,ZAVI11,Indefinido,204552.71,64.0,0.0111,-0.0139,154014555.33,3923
514,ZIFI11,Fundo de Desenvolvimento,8794.81,38.0,0.0,0.0,84141677.27,99
